title,price,date,source,added_date
"[의류/잡화] [지마켓] 코오롱스포츠 FW 남녀 아우터 11종 택1 (137,640원/무료)","137,640원",09-18,딜바다 국내핫딜,2026-09-22 01:58:47
"[의류/잡화] [롯데온] 블랙야크 공용 3종 냉감세트 티셔츠 33,320원/무배","33,320원",09-17,딜바다 국내핫딜,2026-09-22 01:58:47
"[등산/캠핑] [롯데온] 신일 에코 1200 캠핑 팬히터 9L (501,270원/무료)","501,270원",09-17,딜바다 국내핫딜,2026-09-22 01:58:47
"[의류/잡화] [롯데백화점] 블랙야크 공용 퀼팅패딩자켓3 3BYPDFU901 (59,630원/무배)","59,630원",09-16,딜바다 국내핫딜,2026-09-22 01:58:47
"[더현대] 블랙야크 워킹화 이지 워크 (35,210원/무료)5","35,210원",09-19,뽐뿌게시판(검색),2026-09-22 01:58:47
"[롯데백화점] 블랙야크키즈 루이 구스다운 롱다운자켓 (121,820원/무료)4","121,820원",09-17,뽐뿌게시판(검색),2026-09-22 01:58:47
"[롯데백화점몰] 블랙야크 기능성 반팔 3종 세트 (33,320원/무료)11","33,320원",09-17,뽐뿌게시판(검색),2026-09-22 01:58:47
"[롯데온] 블랙야크키즈 코어롱다운자켓 (64,840원/무료)4","64,840원",09-16,뽐뿌게시판(검색),2026-09-22 01:58:47
"[롯데온]블랙야크 26년 홑겹 공용 바람막이(53,720원/무배)13","53,720원",09-16,뽐뿌게시판(검색),2026-09-22 01:58:47
"[옥션] 아디다스 런닝화 갤럭시8 (40,890원/무배)7","40,890원",09-21,뽐뿌게시판(검색),2026-09-22 01:58:47
"[CJ온스타일] 남여공용 아디제로 보스턴 13 러닝화 운동화 (79,190원/무배)39","79,190원",09-19,뽐뿌게시판(검색),2026-09-22 01:58:47
"[지마켓] 아디다스 런닝화 갤럭시 8 (40,900원/무료)4","40,900원",09-15,뽐뿌게시판(검색),2026-09-22 01:58:47
"[패션플러스] 아디다스골프 얼티밋 365 아노락 (98,400원/무료배송)0","98,400원",09-20,뽐뿌게시판(검색),2026-09-22 01:58:47
"[롯데온] 용인 에버랜드 종일이용권 (37,790원/무료)8","37,790원",09-19,뽐뿌게시판(검색),2026-09-22 01:58:47
"[롯데온] 잠실 롯데월드 어드벤처 종합이용권 (36,410원/무료)1","36,410원",09-18,뽐뿌게시판(검색),2026-09-22 01:58:47
[SSG닷컴] 롯데호텔월드 1박 + 롯데월드 자유이용권 3매 패키지 (36만원대~)1,"360,000원",09-17,뽐뿌게시판(검색),2026-09-22 01:58:47
