date,open,high,low,close,volume
2020-07-28,83900,83900,82700,83100,4538720
2020-07-29,82900,83800,82600,83200,3719681
2020-07-30,83300,86400,83000,85300,6870841
2020-07-31,85700,86000,82800,82800,4848989
2020-08-03,82400,82600,81500,81800,3483106
2020-08-04,81800,82500,81400,81600,3005937
2020-08-05,81200,81300,80500,80700,4537005
2020-08-06,80700,81900,80700,81100,3391939
2020-08-07,81200,81300,80000,80600,4946631
2020-08-10,80100,81900,79800,81400,3277238
2020-08-11,81700,82000,81000,81300,3234013
2020-08-12,81100,81300,80200,81000,3595828
2020-08-13,81900,82000,80300,80700,4049387
2020-08-14,80200,81100,80100,80200,2589552
2020-08-18,80000,80200,78000,78100,4946279
2020-08-19,77300,78000,75000,75000,8028305
2020-08-20,74400,74400,71300,71800,7260223
2020-08-21,72800,77000,72500,74500,7700029
2020-08-24,74600,77200,73700,75500,4298619
2020-08-25,76300,77700,75400,77000,3473488
2020-08-26,78000,79100,77100,78800,4741965
2020-08-27,80200,80200,78800,79100,4223450
2020-08-28,79500,79600,77700,77800,2511956
2020-08-31,78200,78800,75100,75100,5113128
2020-09-01,75200,76500,75200,75200,2538676
2020-09-02,75900,76400,74900,75500,2369360
2020-09-03,77700,79700,77200,78700,7002529
2020-09-04,76400,79400,76100,78700,4582566
2020-09-07,78600,79500,77600,78400,2786930
2020-09-08,78700,80000,78200,79400,3380355
2020-09-09,77900,78400,77200,77300,3918435
2020-09-10,78000,78200,76600,76600,3541520
2020-09-11,76700,78500,76300,78400,2831262
2020-09-14,79100,80100,78900,80000,4099644
2020-09-15,81300,82100,80200,81900,5899410
2020-09-16,81700,82400,80500,81500,3119110
2020-09-17,81900,82900,81200,82200,4055050
2020-09-18,82900,83900,82200,83700,5199334
2020-09-21,83700,85000,83600,84500,4102947
2020-09-22,84400,84800,80200,81300,4139983
2020-09-23,82300,84800,80500,83600,4439085
2020-09-24,82800,85400,82300,84300,6401560
2020-09-25,85800,85900,82200,82900,3205596
2020-09-28,83400,83700,81300,82500,3154068
2020-09-29,83100,84900,82200,84000,4707898
2020-10-05,83000,84100,82300,83200,3396894
2020-10-06,84000,84200,82600,83000,2750145
2020-10-07,82900,83700,82500,83400,2254356
2020-10-08,84300,84500,82900,82900,3330824
2020-10-12,83900,85500,83500,85500,4464264
2020-10-13,85500,89000,84600,88200,6375448
2020-10-14,88000,88900,86100,86500,3223767
2020-10-15,86100,87300,85900,87100,2802900
2020-10-16,87000,87900,84900,85300,2435541
2020-10-19,86100,87900,85800,86700,3150011
2020-10-20,85300,90900,83700,85200,6622637
2020-10-21,85300,86200,82800,83800,4925877
2020-10-22,84200,84300,82500,83300,2593975
2020-10-23,82800,84700,82300,83900,2609595
2020-10-26,84300,84700,83000,83200,1662847
2020-10-27,82300,83400,81800,82600,2265817
2020-10-28,82100,83600,82000,82900,1773556
2020-10-29,81900,82400,81000,81700,2637314
2020-10-30,81600,82100,79900,79900,2710477
2020-11-02,80200,80600,79200,79600,2000394
2020-11-03,79600,81400,79600,81400,2057723
2020-11-04,82100,84400,81200,83200,3782296
2020-11-05,84100,86200,83300,86100,4082325
2020-11-06,86500,87700,86000,86300,2863808
2020-11-09,86500,87300,85600,86000,2444330
2020-11-10,86900,87200,85900,86500,2849783
2020-11-11,86100,87200,85900,87000,2638617
2020-11-12,87600,88400,87000,88100,4006433
2020-11-13,88100,90000,87500,89700,3774278
2020-11-16,92100,98100,91100,98000,9274278
2020-11-17,97400,99600,96500,98100,5218295
2020-11-18,99800,100500,96600,98000,3734037
2020-11-19,96200,98300,96000,98200,2766688
2020-11-20,99000,99000,96800,96800,2424003
2020-11-23,97300,101000,96600,100000,4149013
2020-11-24,101000,102000,98300,98600,3766043
2020-11-25,100500,100500,96300,97200,4081524
2020-11-26,96800,99500,96300,99400,2933290
2020-11-27,99600,99900,98200,98800,1976047
2020-11-30,99700,99800,97300,97500,3877841
2020-12-01,98600,101500,97800,100500,4455519
2020-12-02,103000,109500,103000,109000,7488361
2020-12-03,110500,114500,109000,111500,6617912
2020-12-04,116000,119500,112500,115000,8258814
2020-12-07,118500,120000,116000,118000,5191354
2020-12-08,118000,118000,114000,115000,4536460
2020-12-09,116000,121000,115000,120500,5490760
2020-12-10,117000,118500,115500,116500,8205744
2020-12-11,118000,118000,115000,115500,3944552
2020-12-14,116000,119000,115500,117000,3066761
2020-12-15,118500,118500,115000,117500,2755902
2020-12-16,119000,119500,117000,117500,2213552
2020-12-17,118500,119500,117000,119500,3649945
2020-12-18,118500,119000,117500,118500,3010798
2020-12-21,118000,118000,114500,116000,3585805
2020-12-22,115000,115500,112500,112500,4270842
2020-12-23,113000,116000,112500,116000,3173156
2020-12-24,116000,118500,115500,118000,3486636
2020-12-28,119000,119500,115000,115500,4825132
2020-12-29,118000,118500,114000,116000,4208916
2020-12-30,116000,118500,114500,118500,4195192
2021-01-04,124500,128000,120500,126000,7995016
2021-01-05,124500,132500,124000,130500,7180224
2021-01-06,132500,137000,130000,131000,8525749
2021-01-07,132500,137500,131500,134500,5981299
2021-01-08,136000,138000,132500,138000,8713010
2021-01-11,138000,140000,131000,133000,11154671
2021-01-12,132000,133500,125500,129000,8700877
2021-01-13,129000,133500,128500,133000,6791044
2021-01-14,132500,133000,129000,130500,5380278
2021-01-15,133000,135000,127000,127500,4838114
2021-01-18,126000,131000,125000,130000,5927419
2021-01-19,131000,132000,128500,130500,4513315
2021-01-20,134000,135000,130000,130500,4913282
2021-01-21,131500,133000,130000,131500,3067677
2021-01-22,131500,132000,128500,128500,3927767
2021-01-25,130000,135000,129500,135000,5061864
2021-01-26,134000,134000,128500,129000,6270106
2021-01-27,129500,132000,127500,128500,5068456
2021-01-28,124000,125500,121500,123000,6270829
2021-01-29,128500,128500,121500,122500,7391307
2021-02-01,121000,126000,118000,125000,5620305
2021-02-02,128500,132500,127000,130000,4880067
2021-02-03,131000,131500,128500,130000,3693688
2021-02-04,127500,128500,124000,125000,4600618
2021-02-05,126500,128000,124500,127500,3497303
2021-02-08,127500,128000,125000,125000,2876471
2021-02-09,127500,130000,125000,125500,5177095
2021-02-10,125500,127000,124500,126000,4262526
2021-02-15,130000,132500,130000,132000,5384526
2021-02-16,132500,134000,130500,132500,3218689
2021-02-17,131000,131000,128000,130000,3621178
2021-02-18,128500,130000,125500,126000,3792425
2021-02-19,129000,133000,128500,133000,6986526
2021-02-22,136000,139500,135000,136500,7961516
2021-02-23,133500,140000,131500,138500,6400037
2021-02-24,137500,143500,134000,136000,9074809
2021-02-25,141000,149500,140000,148500,9936495
2021-02-26,143500,145000,138000,141500,10843268
2021-03-02,149000,150500,141000,144500,9376523
2021-03-03,142500,147000,139500,147000,5827221
2021-03-04,143000,145500,139500,142000,6586562
2021-03-05,138000,141500,136500,140000,6091444
2021-03-08,143000,143000,135500,135500,5587787
2021-03-09,134000,137500,130500,136500,7822152
2021-03-10,140500,140500,132500,133000,5614476
2021-03-11,134500,139000,134000,137000,6707671
2021-03-12,140500,142500,139500,140000,4548695
2021-03-15,141500,142000,136000,136500,4289990
2021-03-16,138500,140500,138000,140500,3304561
2021-03-17,141000,141000,138500,140000,2588319
2021-03-18,142500,145000,141000,142000,4426840
2021-03-19,138000,139500,137000,138000,4015627
2021-03-22,138500,140000,137000,138000,2727719
2021-03-23,139000,139500,134000,135000,3839090
2021-03-24,133000,134500,131500,133500,3894080
2021-03-25,133000,134500,130500,133000,4157799
2021-03-26,134000,135000,132000,135000,3835443
2021-03-29,135500,135500,131500,132000,3575226
2021-03-30,133000,135500,132000,134500,3304184
2021-03-31,134500,135000,132000,132500,3309680
2021-04-01,138000,140500,136500,140500,5833436
2021-04-02,142000,143000,140000,141000,3432245
2021-04-05,142000,144500,141000,143000,2616440
2021-04-06,147000,147000,141500,143000,3753217
2021-04-07,146000,146000,142500,143500,2424687
2021-04-08,143500,146000,142500,144000,3774932
2021-04-09,144000,145000,139500,140000,3276077
2021-04-12,140500,140500,136000,137500,3878457
2021-04-13,136000,140000,135500,139500,2876178
2021-04-14,139000,139000,136500,137000,2777203
2021-04-15,136000,139000,136000,137500,2291160
2021-04-16,138500,139000,137500,137500,1982877
2021-04-19,138000,139000,137000,138000,1906782
2021-04-20,136500,138500,136500,138500,2167732
2021-04-21,138000,138000,132000,132500,5120577
2021-04-22,134500,135500,133000,133000,3007457
2021-04-23,130500,132500,128500,132500,4854412
2021-04-26,132500,132500,130500,131500,2904879
2021-04-27,133000,136000,132500,135000,3394650
2021-04-28,134500,135000,130000,130000,5596760
2021-04-29,132000,133000,129000,130000,3738266
2021-04-30,130000,130500,126500,128000,3955947
2021-05-03,127500,132500,127000,131500,4085398
2021-05-04,130500,132000,129000,132000,2547004
2021-05-06,130000,130500,128000,129000,4211535
2021-05-07,128000,131000,127000,129500,3450323
2021-05-10,131000,131000,128500,130000,3067077
2021-05-11,127000,127500,122000,123000,9882491
2021-05-12,123000,123500,119000,119500,8272196
2021-05-13,116000,118500,115500,117500,6042025
2021-05-14,118500,120000,118000,118500,3227201
2021-05-17,120000,120000,117000,117500,3110127
2021-05-18,117500,122000,117500,121000,3470048
2021-05-20,121000,124000,119500,122500,4600751
2021-05-21,124500,125500,121000,122500,4062695
2021-05-24,122000,122500,119000,119500,3188734
2021-05-25,121500,123000,120500,123000,3258364
2021-05-26,124000,124500,122000,123000,3015522
2021-05-27,124500,126000,123000,125500,4539067
2021-05-28,126500,126500,124000,125000,2332971
2021-05-31,126000,127000,124000,127000,2448074
2021-06-01,127000,129000,126000,128500,2819179
2021-06-02,128500,129000,125500,126000,2885654
2021-06-03,127000,130000,126500,129000,3353993
2021-06-04,127500,129000,126500,128500,2555891
2021-06-07,129500,130000,128000,128500,2562918
2021-06-08,127000,127500,125000,127500,4194955
2021-06-09,125500,126000,122500,122500,6087592
2021-06-10,122500,124000,120500,123000,4533076
2021-06-11,124500,128500,124000,128000,4868608
2021-06-14,127000,127500,125500,127000,2022730
2021-06-15,128500,129500,128000,128500,1975082
2021-06-16,128000,129500,127000,129500,1893752
2021-06-17,127000,128000,126000,126500,2123793
2021-06-18,127500,127500,124500,124500,2506112
2021-06-21,121000,123000,120500,122000,3275288
2021-06-22,122500,123500,122000,122000,2179712
2021-06-23,122500,124500,122000,124000,2703658
2021-06-24,124000,126500,123500,126000,2646407
2021-06-25,128000,129000,127500,128500,2531018
2021-06-28,129000,129500,126000,126000,2402730
2021-06-29,127500,128000,125000,125000,2211572
2021-06-30,126500,129500,126000,127500,4346027
2021-07-01,127500,128000,124000,124500,3336174
2021-07-02,122500,123500,121500,122500,3983921
2021-07-05,123500,124500,122500,123000,1632551
2021-07-06,124000,126000,123500,125000,2067135
2021-07-07,125000,125500,122500,123500,2229140
2021-07-08,123500,123500,121000,121500,3165552
2021-07-09,120500,120500,118000,119500,4823577
2021-07-12,121000,122000,119500,120000,2477201
2021-07-13,121000,123500,121000,123000,2879072
2021-07-14,122500,124000,121500,123500,2443087
2021-07-15,123500,124000,122500,123500,1500981
2021-07-16,122000,122500,120500,121500,2905546
2021-07-19,119000,120000,118500,119000,2066638
2021-07-20,117500,119500,117500,118500,2070074
2021-07-21,119500,120000,116500,117000,2864601
2021-07-22,118000,120000,118000,119500,1919233
2021-07-23,118500,119000,117500,118500,1747651
2021-07-26,119500,120000,117000,117000,1836657
2021-07-27,118000,119000,116000,116000,2916330
2021-07-28,115000,115500,112500,114000,6033084
2021-07-29,115000,115500,113000,114000,3054699
2021-07-30,114000,114000,112500,112500,2888566
2021-08-02,113500,117000,113000,116000,4276730
2021-08-03,118000,120500,117000,120000,4396423
2021-08-04,122000,123000,120500,121000,4162635
2021-08-05,121000,121500,118000,120000,3491584
2021-08-06,119000,119500,117500,118000,2209875
2021-08-09,117500,118000,116000,116000,2755724
2021-08-10,115000,115500,112000,112500,5420223
2021-08-11,109000,110000,105000,105500,13715267
2021-08-12,102000,104000,99800,100500,19150647
2021-08-13,99600,101500,98900,101500,11622957
2021-08-17,101000,103500,100500,101500,7851717
2021-08-18,103000,105500,101500,104000,8047599
2021-08-19,103000,105500,101500,102500,6161038
2021-08-20,104000,104500,102000,102500,4719139
2021-08-23,104500,105000,103000,103000,4515699
2021-08-24,104500,105500,104000,105000,4454743
2021-08-25,106000,106000,102500,103500,3194555
2021-08-26,106000,106500,103500,104000,3694741
2021-08-27,103500,104500,101000,103500,3507782
2021-08-30,105000,105500,103500,103500,1815758
2021-08-31,103500,106500,102000,106500,4979276
2021-09-01,106000,108000,104500,108000,4736183
2021-09-02,108000,108500,106000,106500,2724565
2021-09-03,106500,107500,106000,107000,2513486
2021-09-06,106500,107000,105000,106000,1888595
2021-09-07,105500,106000,104000,104500,2547667
2021-09-08,104000,107500,103500,106000,2891267
2021-09-09,105000,106000,103000,103000,3233011
2021-09-10,103500,105500,103000,105000,1999369
2021-09-13,105000,107000,104000,106500,1923344
2021-09-14,107500,108500,106500,107500,2463248
2021-09-15,107500,107500,105500,107500,2933797
2021-09-16,107000,107500,104000,104000,3602821
2021-09-17,104500,107500,104000,107000,3386517
2021-09-23,105500,107000,105000,105500,2493313
2021-09-24,106000,106500,104000,104000,2236954
2021-09-27,104000,105500,103500,104500,1839358
2021-09-28,105000,105500,103000,103500,2951945
2021-09-29,101000,102000,99700,100000,6353977
2021-09-30,99900,103500,99600,103000,3910557
2021-10-01,102000,102500,100000,100000,2681124
2021-10-05,98900,99500,97200,97900,3244145
2021-10-06,98400,98700,95800,96500,2816951
2021-10-07,96300,96800,95000,95700,3834957
2021-10-08,96200,96300,93500,94000,4098832
2021-10-12,92400,92900,90800,91500,4728215
2021-10-13,90900,93500,90500,92000,3045438
2021-10-14,92400,94500,92100,93800,2414639
2021-10-15,96000,98500,95700,98400,4229748
2021-10-18,98300,98300,96700,97100,2111399
2021-10-19,98600,98600,97100,97700,1400175
2021-10-20,98200,98600,97200,97900,2010529
2021-10-21,97300,98300,96100,96300,2152221
2021-10-22,95500,99200,95500,98500,1962833
2021-10-25,99500,101500,98300,100000,2950459
2021-10-26,101500,103500,101000,102000,3458645
2021-10-27,103000,104000,101500,101500,2859255
2021-10-28,102000,107500,101500,106500,6329703
2021-10-29,107000,108500,103000,103000,4007223
2021-11-01,103500,107000,102500,106500,3118661
2021-11-02,107000,108500,106500,107500,2892292
2021-11-03,108500,109000,104500,105500,3116506
2021-11-04,107000,108000,105500,106000,2059242
2021-11-05,108000,108500,105500,107000,2523345
2021-11-08,107000,108000,104000,107500,2212348
2021-11-09,108000,110000,107500,109000,3440686
2021-11-10,108500,109500,107500,108500,2361295
2021-11-11,107500,108000,105500,107500,2731498
2021-11-12,109000,109500,105500,106500,1786165
2021-11-15,108500,111500,108000,111000,4701568
2021-11-16,111000,113000,109000,112000,3767311
2021-11-17,113000,113000,110000,110500,3062491
2021-11-18,110000,111000,109000,110000,1928891
2021-11-19,110000,112500,110000,111500,2324668
2021-11-22,116500,121000,116000,119500,9786492
2021-11-23,119500,121000,117500,119000,4847270
2021-11-24,120500,122500,118000,119500,4001111
2021-11-25,120500,121000,117000,117500,3339835
2021-11-26,116500,118500,113000,115500,4337936
2021-11-29,113000,118500,113000,116000,4412863
2021-11-30,118000,119000,112500,114000,7449608
2021-12-01,114500,117500,112000,116500,4214135
2021-12-02,115500,120500,115000,120000,6980518
2021-12-03,119000,119500,115500,118000,4567843
2021-12-06,116000,119000,115500,118500,4318893
2021-12-07,119000,122500,118000,121500,5112025
2021-12-08,124000,125000,119500,120000,6168137
2021-12-09,120500,123500,119000,123500,5631833
2021-12-10,120500,121500,119500,120500,2512642
2021-12-13,121000,124000,121000,121500,3329176
2021-12-14,120500,123000,120000,121000,2201003
2021-12-15,120000,123500,120000,123500,2681332
2021-12-16,125000,125500,122500,124000,3869086
2021-12-17,120500,123000,120500,122000,3850444
2021-12-20,121500,123500,120500,120500,2846815
2021-12-21,124000,124500,122500,124500,3678590
2021-12-22,127500,128500,126000,127000,3817689
2021-12-23,129000,129000,126500,127500,2398358
2021-12-24,129000,130000,128000,128000,2462683
2021-12-27,128500,129000,126000,126000,2684135
2021-12-28,126500,128000,124500,127500,4086063
2021-12-29,127500,128500,125500,127000,3832154
2021-12-30,131000,133500,130000,131000,5172987
2022-01-03,132000,132500,128000,128500,3782213
2022-01-04,129500,130000,127500,128500,3622369
2022-01-05,129000,129000,121500,125500,7414954
2022-01-06,123500,127000,123000,125000,3725569
2022-01-07,127000,129000,126500,127000,3270119
2022-01-10,126500,127000,123000,124500,3449197
2022-01-11,125500,128500,124500,128000,3958787
2022-01-12,129500,130000,126500,128500,3552174
2022-01-13,128500,130000,128000,129500,4155984
2022-01-14,128500,129000,126000,128500,3769648
2022-01-17,127500,128000,124500,127000,3730393
2022-01-18,126500,127500,125000,126500,3607850
2022-01-19,123500,128500,123500,127000,4094609
2022-01-20,126000,126500,123500,125000,5441986
2022-01-21,121500,122500,118000,119000,6465040
2022-01-24,116500,120500,116500,119000,4883822
2022-01-25,118000,120000,116500,118000,5702595
2022-01-26,119000,119500,117500,117500,3416240
2022-01-27,119500,119500,111000,113500,6679404
2022-01-28,115000,121500,114500,120500,4776510
2022-02-03,124500,127000,124000,124000,5171178
2022-02-04,125500,127000,124000,124500,3037097
2022-02-07,123000,123500,119500,123000,4804261
2022-02-08,124500,126000,123500,125000,4054097
2022-02-09,127000,128000,124500,126000,4339337
2022-02-10,129000,131000,127000,129500,7269729
2022-02-11,130500,132500,130000,132000,6057207
2022-02-14,130000,132500,129500,132500,4962205
2022-02-15,131500,132000,127000,127000,5097120
2022-02-16,131000,132500,130000,130500,3499809
2022-02-17,130500,134000,130000,133000,5433402
2022-02-18,131500,133000,129500,131500,3108887
2022-02-21,129000,130500,127000,130000,4048108
2022-02-22,127000,129500,126000,128500,3179806
2022-02-23,130000,130500,127000,128500,2752112
2022-02-24,125500,126000,122000,122500,5748069
2022-02-25,125500,126000,122500,123000,3309625
2022-02-28,123000,123500,121000,123500,3224264
2022-03-02,124500,126500,123000,125000,2903340
2022-03-03,128000,129500,127000,129000,3088097
2022-03-04,127500,128000,124000,124500,3249773
2022-03-07,119000,121000,119000,119500,5203286
2022-03-08,117000,119500,116500,118000,3619045
2022-03-10,121000,121500,118500,120000,3912683
2022-03-11,118500,119000,115500,117000,3087532
2022-03-14,115500,117000,114500,116000,3172353
2022-03-15,114500,115500,112000,112500,3578256
2022-03-16,115000,117000,114000,116500,3739977
2022-03-17,121000,124500,121000,124000,7219813
2022-03-18,124000,125000,121000,124000,4493159
2022-03-21,124000,124500,121000,122000,3433809
2022-03-22,121000,124000,121000,123500,2246439
2022-03-23,124000,124500,122000,123500,4085633
2022-03-24,121000,122000,119500,120500,4215272
2022-03-25,122000,123000,118000,118000,5514940
2022-03-28,117500,119500,116500,118000,3234792
2022-03-29,119500,120500,118500,120000,3375247
2022-03-30,123000,123000,120500,121000,3436282
2022-03-31,119500,120000,117500,118000,4558063
2022-04-01,117000,117500,116000,116000,3851558
2022-04-04,115000,117500,114500,117000,2470792
2022-04-05,117500,118000,116000,116500,2101474
2022-04-06,114500,115500,113000,113000,4541938
2022-04-07,111500,114500,110500,113500,5027865
2022-04-08,113000,114000,110500,112000,4268316
2022-04-11,111000,113000,110500,111500,2390786
2022-04-12,110500,113000,110500,111000,2738163
2022-04-13,112000,113000,111000,113000,2484490
2022-04-14,113000,113000,110000,110000,4715700
2022-04-15,108000,108500,107000,108000,3694012
2022-04-18,107000,109500,106500,109000,2670439
2022-04-19,110000,112500,109500,112500,3021192
2022-04-20,112500,113000,111000,112500,2905007
2022-04-21,112500,115000,112500,113000,3199858
2022-04-22,110500,112000,110500,110500,2360834
2022-04-25,109000,109500,108000,108000,2282343
2022-04-26,109500,111000,108000,111000,2969516
2022-04-27,108000,109500,107500,108500,3261290
2022-04-28,109500,110000,108000,109500,2804966
2022-04-29,110000,112500,109500,112500,3752415
2022-05-02,110000,111500,110000,110500,2175384
2022-05-03,111000,112000,109500,110000,2676115
2022-05-04,110500,111000,108500,109500,2491890
2022-05-06,108000,108500,106500,107500,2566813
2022-05-09,107000,109000,106500,107500,2203472
2022-05-10,107000,111000,107000,110000,4141923
2022-05-11,110500,112500,108000,110500,3658168
2022-05-12,109500,111500,108500,109000,4132948
2022-05-13,109000,112500,109000,112500,4003349
2022-05-16,113500,114000,110000,110500,3930044
2022-05-17,111000,113000,110500,112500,2056143
2022-05-18,114000,115000,113000,113500,3570113
2022-05-19,110500,112500,110000,111000,3680049
2022-05-20,111500,113000,111000,112500,2398978
2022-05-23,113000,113500,111000,113000,3160028
2022-05-24,111500,112000,108500,108500,4491835
2022-05-25,109500,110000,107000,108000,4151560
2022-05-26,107500,108500,101500,103000,8523001
2022-05-27,105500,107000,105000,106000,3686487
2022-05-30,108000,108000,106000,107000,2054526
2022-05-31,106500,108000,105500,108000,4024509
2022-06-02,106000,107500,106000,107000,3097583
2022-06-03,108000,108500,107000,107000,1638006
2022-06-07,105500,106000,103500,104000,3174521
2022-06-08,104500,107500,104500,106000,3075530
2022-06-09,105500,107000,104500,105500,4640744
2022-06-10,104000,104500,102500,103500,3480289
2022-06-13,100000,101000,99000,99000,4133447
2022-06-14,96900,99600,96800,99100,3242550
2022-06-15,98500,98900,96700,97900,2578500
2022-06-16,99900,101500,97100,97400,3810703
2022-06-17,95100,96400,95000,96400,3965464
2022-06-20,96700,96800,93100,94500,2386222
2022-06-21,94700,95900,93900,95200,2707302
2022-06-22,95700,95700,91700,92200,3509830
2022-06-23,92100,93000,89700,90200,3983116
2022-06-24,90500,92000,90500,91600,3045970
2022-06-27,92700,96100,92600,95000,3408749
2022-06-28,94500,95300,93700,95300,2022966
2022-06-29,93300,94900,92900,94000,2529973
2022-06-30,91500,93100,91000,91000,3098854
2022-07-01,91000,92500,87100,87500,4959176
2022-07-04,87500,89600,86300,89100,4331728
2022-07-05,90400,93400,90400,92500,3560085
2022-07-06,92800,93600,90900,92100,3981326
2022-07-07,91300,95200,91300,93900,3330794
2022-07-08,95900,96500,94500,94800,2814478
2022-07-11,95000,95700,93500,93700,1885425
2022-07-12,94000,94000,91700,93300,2385688
2022-07-13,94600,96400,93800,94000,2721816
2022-07-14,92800,95500,92300,94000,2550307
2022-07-15,95900,99000,95500,98700,4457208
2022-07-18,101000,103500,100000,101000,4564780
2022-07-19,100000,100500,98700,100000,2709084
2022-07-20,103000,104500,101000,102000,3981053
2022-07-21,102000,103000,100500,102500,2143984
2022-07-22,102500,102500,100000,100000,3126556
2022-07-25,99100,101500,98900,100000,2185108
2022-07-26,100500,101000,99100,100500,1636970
2022-07-27,101000,101500,98600,100000,3159499
2022-07-28,101000,101500,98900,99400,3359717
2022-07-29,99900,100000,97400,97900,3899079
2022-08-01,97200,98100,96500,97100,2007646
2022-08-02,97200,97200,96200,96500,1916851
2022-08-03,96900,97500,96100,97500,1703330
2022-08-04,98000,98100,97100,97500,1960526
2022-08-05,98100,98700,97400,98500,2052852
2022-08-08,97700,97700,95800,96300,3206548
2022-08-09,96000,96100,94500,95100,3152955
2022-08-10,91800,93000,91800,91800,4356568
2022-08-11,93500,94400,92600,93300,5206962
2022-08-12,92800,94400,92600,93300,1910127
2022-08-16,94500,97600,94400,96700,4267280
2022-08-17,96800,97600,95900,97100,1764674
2022-08-18,95900,96400,95300,95700,1889587
2022-08-19,97000,97500,95900,96400,1890839
2022-08-22,95200,95600,94000,95200,2293601
2022-08-23,94100,95400,93600,93600,1932822
2022-08-24,93900,94200,93000,93200,1447036
2022-08-25,93600,94100,92100,94100,2189458
2022-08-26,95400,96800,94700,95100,2301949
2022-08-29,92700,93300,92000,92500,2619260
2022-08-30,92700,93400,92400,93200,1595242
2022-08-31,92600,95500,92100,95200,2421669
2022-09-01,93900,93900,92300,92400,2337521
2022-09-02,92700,93300,91600,91700,2036818
2022-09-05,91800,92400,90400,91100,1706148
2022-09-06,91900,92900,91100,91800,1389821
2022-09-07,91100,91100,89900,90400,2053413
2022-09-08,90500,91000,90000,90400,2012123
2022-09-13,91700,95200,91700,94800,3288428
2022-09-14,91700,93400,91300,93000,2444928
2022-09-15,92900,93000,91500,92000,1755820
2022-09-16,90900,91400,90000,91200,2243179
2022-09-19,90800,91500,90000,90000,2078633
2022-09-20,89000,90600,87500,88000,4259789
2022-09-21,87500,88500,86300,88000,2954420
2022-09-22,86300,86900,85900,86000,2204430
2022-09-23,85500,86600,83300,83500,3932242
2022-09-26,81500,83200,81500,82500,3281145
2022-09-27,82200,82700,80700,82000,2606333
2022-09-28,81900,83500,80500,81200,3068181
2022-09-29,82500,82900,80500,80800,2064798
2022-09-30,80900,83900,80400,83100,4711130
2022-10-04,85200,87200,85200,86200,4277404
2022-10-05,90000,90400,88100,89800,5927256
2022-10-06,90900,92000,89800,89900,3039698
2022-10-07,89600,91800,87800,91200,3100583
2022-10-11,89700,91200,88000,90200,3840842
2022-10-12,91000,94000,90900,94000,4648231
2022-10-13,93400,94900,92800,94900,4390570
2022-10-14,96000,96600,94300,95500,3516437
2022-10-17,94600,95300,94000,95200,2134558
2022-10-18,95900,96200,94600,95800,2618680
2022-10-19,94700,94900,92700,92900,3684934
2022-10-20,91000,91800,89000,90200,4547678
2022-10-21,89800,91400,89700,90500,2206754
2022-10-24,92200,93100,91200,91800,2165991
2022-10-25,91900,94800,91000,93500,2656194
2022-10-26,93300,95500,93200,93900,3310322
2022-10-27,95100,95100,89800,90000,4550273
2022-10-28,87100,87800,83000,83400,7748514
2022-10-31,84300,85400,82400,82700,6271574
2022-11-01,82700,83900,81400,83900,3820185
2022-11-02,84200,85500,83600,84500,2536363
2022-11-03,82600,83500,81900,82700,2901380
2022-11-04,82700,84600,81700,84500,3032985
2022-11-07,85400,86800,85000,86500,2765284
2022-11-08,87600,89000,87400,87700,2799575
2022-11-09,88100,89200,86600,89200,2619752
2022-11-10,89000,90800,88300,89100,3856811
2022-11-11,95200,95300,92500,93500,5002149
2022-11-14,93900,93900,90900,90900,2483441
2022-11-15,91300,92100,90400,91600,2460465
2022-11-16,92000,92400,90300,91500,2609199
2022-11-17,82400,88500,82000,87700,3703870
2022-11-18,88700,91500,88100,88400,2981192
2022-11-21,87600,87700,86100,86300,2111523
2022-11-22,85500,86600,84900,85200,1617131
2022-11-23,86100,86700,84900,85200,1480400
2022-11-24,86900,87200,85700,86900,2148255
2022-11-25,87200,87300,85100,85100,1439011
2022-11-28,84100,84200,82900,83100,2471506
2022-11-29,82700,83800,82100,83700,1501783
2022-11-30,83200,85400,83100,85000,3332708
2022-12-01,87300,87300,84600,84700,2878591
2022-12-02,83900,83900,81800,81900,4594058
2022-12-05,81900,82300,80700,81000,3516456
2022-12-06,79900,81100,79800,81000,2781352
2022-12-07,79900,80700,78700,78900,3589926
2022-12-08,78200,79800,78200,78800,3809847
2022-12-09,79400,81500,79300,81500,2985508
2022-12-12,80100,81300,79500,81100,1242007
2022-12-13,81300,82700,80500,82300,2761104
2022-12-14,82100,82600,81100,81800,2357491
2022-12-15,80600,81100,79900,80200,1713617
2022-12-16,77700,79400,77500,78400,3827227
2022-12-19,78300,80100,78300,79000,1813544
2022-12-20,78200,78900,77800,78300,1361926
2022-12-21,78500,79200,78000,78000,1513864
2022-12-22,78500,79300,77900,79200,2061883
2022-12-23,77800,78300,77300,77800,1554446
2022-12-26,77700,77700,76500,77000,1414717
2022-12-27,77500,77600,76500,77000,1694225
2022-12-28,76800,77000,75400,76000,1891221
2022-12-29,75200,75600,74700,75000,1736661
2023-01-02,75100,76700,75000,75700,1376985
2023-01-03,75600,76300,73100,75600,2719437
2023-01-04,75400,81900,75200,81000,5154609
2023-01-05,83300,83300,80800,81400,3510964
2023-01-06,81400,83600,81100,83100,3687430
2023-01-09,84900,86000,83500,86000,3948670
2023-01-10,85500,87200,85000,86500,3105311
2023-01-11,87800,88400,86500,87300,3083961
2023-01-12,88100,88100,85800,86800,3065582
2023-01-13,86800,87500,85400,85700,2058890
2023-01-16,86000,86500,84900,85800,1512876
2023-01-17,86400,87200,85700,86000,1586136
2023-01-18,86400,86500,84500,85100,1494262
2023-01-19,84000,85800,84000,85500,1674834
2023-01-20,86300,87800,86100,87600,2386074
2023-01-25,92000,92000,90600,91400,3611901
2023-01-26,90800,92300,90100,92300,2319962
2023-01-27,91300,92800,90300,91500,2553811
2023-01-30,91300,91600,90000,90700,2603297
2023-01-31,90800,90800,86800,88500,5185088
2023-02-01,91200,91400,88500,91400,3889171
2023-02-02,94900,94900,92700,93400,4350607
2023-02-03,92400,93200,91300,92200,2925123
2023-02-06,91400,92000,89100,89100,2819903
2023-02-07,88800,91200,88800,90800,2166265
2023-02-08,91700,95000,91600,94900,3964981
2023-02-09,94800,94800,92600,94400,2726568
2023-02-10,94300,94700,93100,93500,1971090
2023-02-13,92000,92000,89900,90600,3159031
2023-02-14,91800,93500,91600,93400,2185525
2023-02-15,93800,94200,91200,91700,1801577
2023-02-16,91900,93400,91600,92900,1812496
2023-02-17,91400,92700,90900,92000,1691509
2023-02-20,92700,93300,90700,92500,1774617
2023-02-21,92500,92600,90900,91200,1477419
2023-02-22,89900,90300,88500,89100,2301835
2023-02-23,90000,93700,89600,92700,3659678
2023-02-24,93500,94000,91000,91000,2496352
2023-02-27,90100,90300,89100,90000,1893345
2023-02-28,91000,91000,88700,89400,2082486
2023-03-02,89400,90300,87500,88100,2744038
2023-03-03,88500,89200,87200,87300,2239958
2023-03-06,87900,89800,87500,89700,2374415
2023-03-07,89700,90000,88800,88900,1610948
2023-03-08,87700,87800,86400,86800,2790989
2023-03-09,87300,87800,85300,85600,3315016
2023-03-10,83800,84400,83100,83300,3559824
2023-03-13,83200,84700,82400,84300,2860341
2023-03-14,82600,83000,81100,81100,3359381
2023-03-15,81900,82300,78800,79100,5357314
2023-03-16,76700,80200,76700,79000,4804196
2023-03-17,81200,84800,81100,84000,6239588
2023-03-20,83800,85100,83000,83700,2223378
2023-03-21,84100,85100,82900,83600,1880231
2023-03-22,85200,87300,83800,86900,2667268
2023-03-23,85400,88500,85100,88500,3091673
2023-03-24,89100,90700,86700,87300,4670908
2023-03-27,87500,87800,84700,85500,3211190
2023-03-28,85300,88700,85200,88400,3180431
2023-03-29,87400,88700,86500,86900,3070422
2023-03-30,89900,90500,87700,88800,4264354
2023-03-31,89200,89500,87600,88600,2676327
2023-04-03,89700,89700,86600,87200,2502220
2023-04-04,85700,85900,83700,84500,16808036
2023-04-05,84300,85700,84100,84600,4380498
2023-04-06,83900,84700,82700,83800,5379170
2023-04-07,87900,89400,86000,89100,10867359
2023-04-10,88700,92500,88500,90700,5387514
2023-04-11,90700,92200,89900,91800,5001836
2023-04-12,91900,92000,89700,90300,4751001
2023-04-13,89500,90300,88200,88700,4907552
2023-04-14,90100,90300,88600,89300,2324722
2023-04-17,89000,89000,87700,88500,1877825
2023-04-18,89300,89300,87300,87600,1763334
2023-04-19,88000,88500,86600,88200,2024519
2023-04-20,86600,88400,86200,87700,1746001
2023-04-21,87700,89800,87200,89100,2624982
2023-04-24,88100,88800,87000,87200,2054455
2023-04-25,87500,87800,83700,85500,4096411
2023-04-26,86400,88700,86200,87400,3240654
2023-04-27,87900,89200,86000,88800,2980163
2023-04-28,90800,91400,88700,89500,3737493
2023-05-02,90900,90900,88900,90200,2427349
2023-05-03,89000,90300,88600,89800,1779615
2023-05-04,88900,89600,87500,88700,1794303
2023-05-08,89700,90000,87700,88700,2615242
2023-05-09,88400,88600,86700,87300,2297473
2023-05-10,87200,87700,86300,86900,2137658
2023-05-11,86900,87300,85000,86300,2806299
2023-05-12,86300,87600,86200,87200,2712372
2023-05-15,87000,87100,85500,86400,2357794
2023-05-16,89500,90700,88500,90400,5121364
2023-05-17,92000,92000,90300,91900,3340386
2023-05-18,92800,94000,92000,93600,3473641
2023-05-19,95000,97900,94900,97300,5062669
2023-05-22,97700,99400,97100,98200,4248401
2023-05-23,99000,99000,97000,97900,2472514
2023-05-24,97400,97800,96300,97700,2097933
2023-05-25,104300,104300,101100,103500,7431586
2023-05-26,107500,110500,106100,109200,10136706
2023-05-30,113200,113400,109500,110300,9058509
2023-05-31,110000,110900,108500,108600,8166685
2023-06-01,106000,110500,106000,110300,5553560
2023-06-02,111000,112700,109200,110300,3991904
2023-06-05,110100,110500,108500,108700,3316020
2023-06-07,108700,109300,108000,108000,3313460
2023-06-08,107000,109700,106700,109700,4355468
2023-06-09,110300,115600,108300,115400,7950947
2023-06-12,114400,115800,114000,114800,2637721
2023-06-13,117000,120100,117000,119500,6232477
2023-06-14,118800,119700,118100,118800,3240260
2023-06-15,120200,121100,118000,119000,3778592
2023-06-16,117300,119800,116300,118900,4303391
2023-06-19,118000,118500,113500,114800,4208396
2023-06-20,114000,117000,113200,116100,3319570
2023-06-21,116200,117500,114600,115100,2728146
2023-06-22,114200,115900,113400,114000,2612402
2023-06-23,114000,115200,112500,113600,2987472
2023-06-26,113100,113900,111200,113500,3350758
2023-06-27,114000,114000,110800,113000,3602087
2023-06-28,114200,115200,112800,114300,3178571
2023-06-29,115200,117400,114500,116200,4398301
2023-06-30,114600,115500,113200,115200,2674318
2023-07-03,115300,118900,115300,117600,3022009
2023-07-04,118200,118400,117200,117900,1988592
2023-07-05,118100,118200,116100,116700,2483034
2023-07-06,116000,116100,113100,113800,3465047
2023-07-07,112700,113000,111200,111800,2781723
2023-07-10,111800,112900,109700,110300,3163245
2023-07-11,111500,113400,111200,113400,2209391
2023-07-12,113200,115400,112800,115400,2228477
2023-07-13,115400,117000,113600,114100,3421492
2023-07-14,115500,120200,115300,118000,5817889
2023-07-17,116900,118700,116000,117200,2427281
2023-07-18,117500,119000,116700,117800,2299880
2023-07-19,118700,119100,116700,117500,2580301
2023-07-20,116500,117500,115200,116900,1949776
2023-07-21,114700,115100,113200,115100,2745384
2023-07-24,114100,114900,112900,114000,2761991
2023-07-25,114000,114200,112200,113400,2678385
2023-07-26,116000,116100,111300,113000,4995935
2023-07-27,115000,124000,114100,124000,9638980
2023-07-28,126200,129000,122000,128000,8718746
2023-07-31,128000,128500,122500,123400,4623350
2023-08-01,124000,126400,120700,125100,4656047
2023-08-02,123300,124800,118700,119500,3765478
2023-08-03,119000,121300,117200,120000,3498537
2023-08-04,118300,120900,118100,120100,2375384
2023-08-07,120600,124900,120500,121900,3724826
2023-08-08,121900,122400,118300,118600,2729243
2023-08-09,118500,119200,117200,118500,2551668
2023-08-10,117400,118500,115100,118500,2622604
2023-08-11,118000,119400,115200,115300,2412381
2023-08-14,114600,117300,114000,114900,2038360
2023-08-16,117200,118500,115000,115800,3870479
2023-08-17,114300,115500,112500,114800,3064253
2023-08-18,112600,118700,111800,117200,3329697
2023-08-21,117300,118500,115600,116400,2621973
2023-08-22,120000,120900,114900,116500,3349473
2023-08-23,116200,116800,114100,116000,2573292
2023-08-24,122300,123600,120300,120900,6368401
2023-08-25,117400,118300,115300,116500,3533647
2023-08-28,117000,117500,115500,115900,1746882
2023-08-29,118300,120300,117100,118600,2682352
2023-08-30,122400,122800,119400,119400,2629711
2023-08-31,121000,122800,120000,121800,4403695
2023-09-01,121400,122600,119600,120000,2886011
2023-09-04,118300,119700,116200,119200,3491280
2023-09-05,118100,121000,117700,119400,1749591
2023-09-06,118600,120000,117800,118200,1615519
2023-09-07,118200,120900,117100,118500,2995088
2023-09-08,117000,117100,112800,113700,4943255
2023-09-11,113700,116000,112900,115900,2542590
2023-09-12,115400,117500,113900,116700,2749688
2023-09-13,117900,120700,116900,118500,3860589
2023-09-14,118600,122200,118600,122200,3948784
2023-09-15,122900,124400,121600,122400,3579662
2023-09-18,120300,122900,118800,119000,2356621
2023-09-19,119400,121300,118600,119200,1921912
2023-09-20,118900,119700,116700,118000,2228681
2023-09-21,116000,116900,114100,116500,3151900
2023-09-22,114300,117300,114200,117300,2938386
2023-09-25,115900,117700,115700,117000,2181722
2023-09-26,117000,117200,113300,115000,3237819
2023-09-27,113000,115200,112300,114700,3060751
2023-10-04,113000,116600,113000,115400,4447702
2023-10-05,122900,122900,118100,120200,6112858
2023-10-06,120200,121600,119000,120400,4158083
2023-10-10,122800,124300,119500,119500,5580659
2023-10-11,123000,123900,119200,119200,4293299
2023-10-12,121100,124200,120500,124200,4016352
2023-10-13,123100,126300,122500,124700,3205273
2023-10-16,124700,125200,122400,124100,3008476
2023-10-17,125000,130800,123500,130000,6411880
2023-10-18,128600,130700,127200,130000,4760148
2023-10-19,127600,128900,125100,125700,5089745
2023-10-20,124300,127200,122800,126200,3868266
2023-10-23,126800,127200,123500,124000,2432303
2023-10-24,125400,127000,123900,126800,2802010
2023-10-25,127500,129000,126100,127500,3053002
2023-10-26,122100,124800,119500,120000,5961584
2023-10-27,119800,120900,117500,119100,5486088
2023-10-30,119100,121700,118700,119100,2798497
2023-10-31,119800,120900,116300,116300,3166739
2023-11-01,117900,120300,117000,120300,2707225
2023-11-02,123900,125400,123100,125300,3736208
2023-11-03,126500,127200,125000,125800,2796773
2023-11-06,125800,133000,125800,133000,6923192
2023-11-07,132000,133500,129300,130400,4940510
2023-11-08,131600,132700,126600,127600,3328279
2023-11-09,127700,129800,126700,128000,2228081
2023-11-10,127900,130800,127000,130500,2656526
2023-11-13,133000,134100,131000,131800,2644761
2023-11-14,133500,133500,130000,130000,2589591
2023-11-15,133900,134200,132100,134100,3616292
2023-11-16,133000,134400,131200,132300,2456351
2023-11-17,131500,132000,129100,129900,2438499
2023-11-20,129300,132000,129300,131400,2004403
2023-11-21,132000,133300,131600,132000,2439306
2023-11-22,129600,131600,129500,131300,2128566
2023-11-23,130600,131400,129500,130100,1839516
2023-11-24,130600,131000,128000,128000,1925668
2023-11-27,129200,130700,128400,130700,2264243
2023-11-28,132100,132100,129900,131400,2562226
2023-11-29,130200,131000,128900,130400,2227853
2023-11-30,129900,133900,129900,133900,3625365
2023-12-01,132200,133000,130800,132600,3641222
2023-12-04,133400,134600,131100,131100,2680820
2023-12-05,129700,130000,125400,125900,4375531
2023-12-06,126800,127500,125400,125600,2667583
2023-12-07,125600,127800,124500,125600,2478565
2023-12-08,128100,129100,127500,127500,2762531
2023-12-11,128700,129100,127300,128900,3696790
2023-12-12,130600,131900,130500,131000,3126577
2023-12-13,130000,132400,130000,131200,2852873
2023-12-14,133700,138300,133600,136700,8217135
2023-12-15,137000,140000,137000,140000,5011719
2023-12-18,139000,140800,138900,140000,2540812
2023-12-19,140000,140800,138100,138200,2309721
2023-12-20,139900,140800,139300,140500,3108011
2023-12-21,139200,140600,138100,140500,2737124
2023-12-22,142700,143700,140600,140600,3183709
2023-12-26,142000,142000,139400,140900,2239789
2023-12-27,140800,141600,139200,140400,2336777
2023-12-28,140900,141600,139500,141500,2459473
2024-01-02,139700,142800,139700,142400,2147458
2024-01-03,140000,140800,136800,136800,3257820
2024-01-04,136800,138800,135800,136400,2661970
2024-01-05,135800,137500,135800,137500,1846781
2024-01-08,137500,137900,135400,136000,2498302
2024-01-09,139000,139500,136600,137400,3473806
2024-01-10,137700,138100,132100,133500,3769252
2024-01-11,132400,137100,132400,136000,3594909
2024-01-12,136400,137300,133400,134100,1878915
2024-01-15,134800,135100,133300,134100,1858867
2024-01-16,132600,133700,131100,132100,3670169
2024-01-17,133800,134500,129000,131000,3822702
2024-01-18,131500,136800,130600,136200,3050556
2024-01-19,138700,141300,137400,141300,4946040
2024-01-22,145200,145400,142300,142600,3784276
2024-01-23,142300,142800,138300,140800,2912611
2024-01-24,140000,141700,137600,141500,2580665
2024-01-25,142700,143700,136900,137400,4708651
2024-01-26,136200,138600,136000,136000,3247410
2024-01-29,135500,137000,135000,135000,2311854
2024-01-30,135300,137800,134400,136900,2297631
2024-01-31,134800,136600,133600,134700,2815362
2024-02-01,133100,135600,131700,132700,3778274
2024-02-02,132300,135300,132200,134900,3708253
2024-02-05,134900,135800,131700,132300,3300954
2024-02-06,133700,138400,132000,138000,4672324
2024-02-07,136600,138500,135500,138000,3348045
2024-02-08,139000,143000,137900,142800,5780714
2024-02-13,146800,150000,145000,150000,6902585
2024-02-14,146300,149200,144900,148700,4396924
2024-02-15,151300,152700,148000,148700,3560211
2024-02-16,150600,150600,145700,146800,3265836
2024-02-19,146200,153200,146000,151300,3997323
2024-02-20,150300,151100,147500,149600,3507601
2024-02-21,147100,152200,147100,149000,4278500
2024-02-22,154500,156500,152600,156500,5966352
2024-02-23,166900,166900,159800,161400,7012032
2024-02-26,158400,164800,158400,161800,4329477
2024-02-27,159000,160000,153300,153800,6107954
2024-02-28,154500,159200,153800,158000,3666960
2024-02-29,154900,158400,154500,156200,3386307
2024-03-04,161000,168100,160700,166500,5230909
2024-03-05,165100,169000,164100,165800,3612530
2024-03-06,164100,165500,162700,162900,2672526
2024-03-07,164500,165900,161000,164900,3052700
2024-03-08,169800,174900,169300,171900,5089650
2024-03-11,165000,168900,164700,166600,3450905
2024-03-12,166100,167200,164000,165700,3102706
2024-03-13,168600,169700,162000,163600,5072935
2024-03-14,163600,164200,161100,161900,3655060
2024-03-15,159600,162900,158600,161200,4099531
2024-03-18,161200,164500,161000,164300,2696598
2024-03-19,161700,161800,157600,160200,4159293
2024-03-20,160200,161400,154100,156500,5692523
2024-03-21,165200,171400,162600,170000,9205769
2024-03-22,169000,173900,167400,169800,5400916
2024-03-25,170500,174800,168500,169400,3434516
2024-03-26,172000,179500,171900,176600,6549669
2024-03-27,176700,183000,175600,181200,5774536
2024-03-28,178000,182100,178000,178200,3424716
2024-03-29,179200,183900,177600,183000,3035080
2024-04-01,186400,190500,185000,185500,2723474
2024-04-02,188000,190000,184400,186300,4207759
2024-04-03,182000,183700,178200,179200,5416518
2024-04-04,184400,188500,184000,188000,5344102
2024-04-05,184800,187600,181800,182800,4043133
2024-04-08,183900,183900,180000,181200,3278855
2024-04-09,182300,185300,181700,182900,2302751
2024-04-11,182900,188400,182400,188400,4098231
2024-04-12,188700,191400,187000,187400,3097301
2024-04-15,185400,188400,183000,188200,2672047
2024-04-16,184400,185500,178300,179100,4956035
2024-04-17,179600,182500,177700,178700,4340591
2024-04-18,176000,183300,175400,182300,4170243
2024-04-19,177200,178500,169500,173300,7545976
2024-04-22,170700,172400,167000,171600,5882906
2024-04-23,172600,173700,169700,171000,3975371
2024-04-24,178900,180200,176300,179800,4254632
2024-04-25,173800,176700,170600,170600,5332149
2024-04-26,176200,178300,174900,177800,5471765
2024-04-29,179100,180400,175600,175900,2892809
2024-04-30,175900,179000,173800,174200,3655060
2024-05-02,169000,174700,169000,173600,3168250
2024-05-03,177000,177500,173200,173200,2336256
2024-05-07,179400,180900,179300,179600,4349589
2024-05-08,177600,179400,176000,178000,2304744
2024-05-09,179000,179400,175400,175400,2861600
2024-05-10,176500,180100,176400,179900,2813668
2024-05-13,180000,184000,179000,183800,3230023
2024-05-14,184200,185800,181800,185300,2763069
2024-05-16,191100,194000,191100,193000,5083178
2024-05-17,192000,193500,189900,189900,2841394
2024-05-20,192300,193200,188600,190100,3592128
2024-05-21,193400,193500,191200,192000,2468109
2024-05-22,191900,197700,190900,197700,3949439
2024-05-23,203500,204000,198200,200000,4681849
2024-05-24,199800,202500,197500,198600,3793872
2024-05-27,203500,209000,199100,201500,4774882
2024-05-28,202500,205500,200500,202500,2084945
2024-05-29,210000,210000,200500,202500,3073139
2024-05-30,202500,202500,195700,195700,2402236
2024-05-31,194400,195200,188200,189200,5958829
2024-06-03,189500,194600,188200,194200,2982443
2024-06-04,196400,196500,192900,193300,1996780
2024-06-05,189400,195200,188800,193700,2709631
2024-06-07,199500,207500,197300,207500,4805326
2024-06-10,206000,209500,205000,208000,2448961
2024-06-11,210000,215000,206000,212500,3070163
2024-06-12,212000,216000,211000,215000,2151331
2024-06-13,226000,226500,219000,222000,5777279
2024-06-14,225000,225000,216000,221000,3311223
2024-06-17,219000,229500,219000,223000,2198340
2024-06-18,227000,234500,227000,234500,3136231
2024-06-19,235000,243000,231500,233500,3758652
2024-06-20,233500,238500,231000,237500,2927358
2024-06-21,230500,234500,230000,234000,3848394
2024-06-24,228000,230000,220000,223000,5080726
2024-06-25,215500,225000,215000,225000,5730999
2024-06-26,228000,238500,227500,237000,5166862
2024-06-27,229500,239000,227500,236500,3763005
2024-06-28,235500,237500,232500,236500,2368287
2024-07-01,233500,236500,232000,235500,1709955
2024-07-02,235500,237000,230500,232000,2343947
2024-07-03,231000,236000,225000,236000,3315677
2024-07-04,240500,240500,225000,230000,7599882
2024-07-05,228500,237500,227500,236000,4041293
2024-07-08,234000,237000,232500,233500,2309023
2024-07-09,235500,241000,233000,238500,4810781
2024-07-10,237500,239000,234000,239000,2579373
2024-07-11,242500,248500,241000,241000,5336097
2024-07-12,232000,236000,230000,233000,4972976
2024-07-15,235000,235500,226500,230000,3301380
2024-07-16,226500,235000,224000,233000,3982189
2024-07-17,229500,230000,220500,220500,6051510
2024-07-18,212500,215000,209000,212500,8847665
2024-07-19,208500,214000,207000,209500,4519170
2024-07-22,209000,209500,200500,205000,6662441
2024-07-23,208500,209500,200500,205000,5976519
2024-07-24,202000,212500,200000,208500,4838734
2024-07-25,196200,198800,189000,190000,12503762
2024-07-26,190800,194500,186100,191800,8769107
2024-07-29,195000,195700,192200,195600,4017366
2024-07-30,191300,192200,186500,188900,5165131
2024-07-31,188000,195000,185200,194600,6439929
2024-08-01,201500,201500,193300,193300,6457167
2024-08-02,183600,184000,172400,173200,13050139
2024-08-05,168000,171200,151600,156100,12358821
2024-08-06,165100,166400,161500,163700,10717321
2024-08-07,160900,171000,157400,169300,9732037
2024-08-08,162600,168200,161200,163400,5370361
2024-08-09,172800,172800,168800,171500,5141277
2024-08-12,174500,179800,172600,177000,4413736
2024-08-13,179900,182400,178800,181900,4234287
2024-08-14,188000,188100,184700,186700,4420516
2024-08-16,196000,200000,194700,199700,6959688
2024-08-19,199900,199900,192400,193900,3977026
2024-08-20,198700,202500,198100,199700,4258190
2024-08-21,193000,195400,191100,192600,4508983
2024-08-22,192000,194400,189000,191100,3166217
2024-08-23,186000,189300,185400,185500,4371332
2024-08-26,187800,188500,179600,179600,4913204
2024-08-27,176800,180200,173400,175000,5796566
2024-08-28,175000,180800,174000,179300,5590086
2024-08-29,167600,171700,167200,169700,8284585
2024-08-30,171000,175500,169400,173700,4498221
2024-09-02,173600,174900,168400,174000,3507670
2024-09-03,172900,173800,168300,168300,3286574
2024-09-04,152900,159000,152900,154800,10020391
2024-09-05,157000,163000,156600,159400,5349484
2024-09-06,157100,158200,154900,156400,3459914
2024-09-09,151800,157700,150500,157000,4484162
2024-09-10,157400,161700,154300,155500,4718523
2024-09-11,156800,158700,154300,157200,3203928
2024-09-12,165200,171300,163800,168800,8628996
2024-09-13,166500,166700,161100,162800,5246578
2024-09-19,154700,155700,144700,152800,15001257
2024-09-20,160500,160800,155900,157100,7155655
2024-09-23,155800,162900,155700,162000,4497592
2024-09-24,163700,163700,159200,163500,3442530
2024-09-25,166700,169300,165000,165300,4665075
2024-09-26,178400,180900,176200,180900,9519633
2024-09-27,187500,189300,183800,183800,6886272
2024-09-30,183700,183800,174600,174600,4859468
2024-10-02,172700,175500,169100,169100,4720638
2024-10-04,171700,175600,170700,174100,3633358
2024-10-07,178400,184900,176000,184900,3904925
2024-10-08,182200,185000,178000,178000,3988028
2024-10-10,184500,188100,183400,186700,6325045
2024-10-11,190000,191200,185100,186000,3475666
2024-10-14,186900,192300,186900,187500,3309274
2024-10-15,191900,193200,189700,192900,4060365
2024-10-16,184700,192500,183600,188700,4787317
2024-10-17,191200,196000,188700,196000,3996946
2024-10-18,198200,198200,186200,187300,5509895
2024-10-21,189400,192300,188000,190900,2428544
2024-10-22,195300,195300,187500,187800,3466963
2024-10-23,188500,196700,188000,196000,4366079
2024-10-24,193500,202000,190000,198200,6344515
2024-10-25,203000,206000,199400,201000,5530362
2024-10-28,203500,205000,194200,196000,4114186
2024-10-29,196000,197000,189100,190300,4067991
2024-10-30,190200,195400,189400,195000,3580400
2024-10-31,189900,192900,186100,186300,4573282
2024-11-01,182500,184900,180500,182200,3478519
2024-11-04,185200,194000,183700,194000,3569575
2024-11-05,193600,198800,192100,193200,3560310
2024-11-06,197700,199200,192700,195800,3460361
2024-11-07,197400,198300,193100,197400,2976546
2024-11-08,200500,203000,198800,200500,3031573
2024-11-11,199300,199300,192400,192600,2636191
2024-11-12,192500,192500,184900,185800,3920254
2024-11-13,185700,189500,182600,182900,3172827
2024-11-14,182900,184900,171700,173000,6309368
2024-11-15,174000,179000,173600,178200,4330750
2024-11-18,173800,177800,170300,171700,3885644
2024-11-19,170400,172900,168100,170600,4075013
2024-11-20,175000,175100,170200,170600,3689296
2024-11-21,168200,173000,168200,168800,3821502
2024-11-22,171700,178200,171200,176700,3919973
2024-11-25,174500,179500,173900,177000,4393882
2024-11-26,175200,177700,174700,177100,1996128
2024-11-27,175600,175700,167900,168300,4756820
2024-11-28,164600,166300,160800,161100,5691298
2024-11-29,160000,162400,157600,159900,4682788
2024-12-02,162200,162700,158600,158800,3558868
2024-12-03,159200,165100,159100,164900,4180365
2024-12-04,161300,168000,161100,168000,5701792
2024-12-05,170000,175600,169300,173000,4671438
2024-12-06,173500,173600,165000,167100,4434259
2024-12-09,167100,170600,165000,168900,5305672
2024-12-10,168000,170400,167600,170400,3159112
2024-12-11,167400,171800,167000,171800,2281189
2024-12-12,176500,177400,173500,176100,4550292
2024-12-13,174400,176400,173500,175500,3677980
2024-12-16,177400,180400,177300,179300,3278975
2024-12-17,183000,184500,182100,184000,3188910
2024-12-18,183400,183900,181600,183500,2363872
2024-12-19,173900,176800,173000,175000,4833862
2024-12-20,174100,174800,167100,168500,4487308
2024-12-23,170000,173300,169600,169600,3287596
2024-12-24,171700,171900,168300,168500,1844961
2024-12-26,170000,172000,169400,170100,2022727
2024-12-27,170100,176000,170000,174500,2643523
2024-12-30,174000,175800,172400,173900,1434202
2025-01-02,170500,172200,170000,171200,2102175
2025-01-03,174500,182700,173100,181900,4233446
2025-01-06,184400,199800,184400,199800,7320382
2025-01-07,205000,206500,194800,195000,6075445
2025-01-08,193100,198100,191000,194700,4275792
2025-01-09,201000,206000,199800,205000,6692254
2025-01-10,208000,212500,202500,203500,6149475
2025-01-13,203000,203000,193900,194300,4767294
2025-01-14,194300,197900,193600,195000,3019149
2025-01-15,198000,201000,197700,198200,3620460
2025-01-16,208500,210000,206500,210000,6029645
2025-01-17,209500,217500,209000,214500,5041329
2025-01-20,219000,219000,210500,212000,3036234
2025-01-21,216500,220000,214000,218000,3323212
2025-01-22,221500,227000,217000,225500,5901740
2025-01-23,221000,225500,215000,219500,5994781
2025-01-24,220500,227000,217500,221000,3771572
2025-01-31,197000,204500,194800,199200,11871995
2025-02-03,191500,193200,186900,190900,7926444
2025-02-04,192900,194300,190100,191100,5851146
2025-02-05,191900,199400,191900,198800,4245118
2025-02-06,202000,205000,200500,203500,4032622
2025-02-07,205000,206000,200500,203000,2206293
2025-02-10,197800,203000,197000,198100,2779740
2025-02-11,201000,201500,198000,199700,2488710
2025-02-12,196500,199900,196000,198900,2884072
2025-02-13,198800,208500,198100,208500,3574410
2025-02-14,209000,212000,206500,210000,2598656
2025-02-17,211500,216000,211000,212000,2497922
2025-02-18,212000,215000,207000,210000,1937894
2025-02-19,216000,219500,214000,218500,3537720
2025-02-20,217000,218500,211000,212000,3080242
2025-02-21,209500,211000,205500,209500,2601151
2025-02-24,202500,205000,201000,205000,3087127
2025-02-25,199800,202000,199200,200500,3651613
2025-02-26,199000,206000,198600,203000,3849749
2025-02-27,204500,205000,198100,199200,3993419
2025-02-28,191600,193000,188700,190200,5533027
2025-03-04,184800,187500,184000,186100,5424556
2025-03-05,188200,194400,186600,193100,4162368
2025-03-06,193500,194000,190300,192400,2540131
2025-03-07,191000,192800,187900,192400,2700590
2025-03-10,187500,191500,187300,187900,2441476
2025-03-11,182100,189000,181300,187800,3521800
2025-03-12,192400,199350,189700,198900,4064278
2025-03-13,202500,204500,195500,199700,3883033
2025-03-14,198500,206000,198500,204500,3397462
2025-03-17,207000,209500,203500,206000,2584679
2025-03-18,208500,209000,201000,203000,2696191
2025-03-19,202000,209500,201000,205500,3102000
2025-03-20,207000,211000,205500,210000,2779557
2025-03-21,213500,219500,212000,215500,5731880
2025-03-24,211500,214500,209500,211500,1611040
2025-03-25,214500,215500,208000,208000,2262656
2025-03-26,209000,215500,208500,214000,2058540
2025-03-27,208000,212000,206500,207000,2287220
2025-03-28,203000,204500,198900,199300,2673553
2025-03-31,193500,195500,190500,190700,4561715
2025-04-01,193600,198500,192000,197000,2317253
2025-04-02,198800,201500,197300,197900,2764223
2025-04-03,189600,194600,188200,194600,4177747
2025-04-04,187900,189600,178400,182200,9182017
2025-04-07,168000,172800,164800,164800,7879050
2025-04-08,172000,173100,168200,169500,4965171
2025-04-09,170000,170000,162700,165000,8035679
2025-04-10,189700,189900,180000,183200,7836984
2025-04-11,177800,181800,176100,180800,3223735
2025-04-14,182900,184400,178000,180200,3466194
2025-04-15,180200,182400,179700,180600,1915455
2025-04-16,176500,177500,173500,174000,2933428
2025-04-17,172100,175400,171800,175000,2989493
2025-04-18,174000,175500,172800,175000,1305152
2025-04-21,174800,180000,174500,176600,1877473
2025-04-22,175000,175500,173300,173800,2008388
2025-04-23,179100,181600,178100,181000,3857373
2025-04-24,182800,183400,177600,178300,3162156
2025-04-25,182500,184900,182100,184400,3507810
2025-04-28,183500,183900,179700,182000,2455710
2025-04-29,182000,182900,179100,180800,1866386
2025-04-30,179100,180000,176700,177500,2354473
2025-05-02,179400,186200,178400,186000,3886874
2025-05-07,187700,191500,185900,190800,3830097
2025-05-08,196000,196000,189400,190300,5125330
2025-05-09,192000,192800,186800,190100,2539822
2025-05-12,193600,195200,193500,195000,1624884
2025-05-13,200500,201500,197300,198500,3385009
2025-05-14,207000,207000,204000,206000,3333511
2025-05-15,207500,208000,199500,200500,3178957
2025-05-16,206000,206750,203500,204500,2419507
2025-05-19,203000,203000,197500,199400,2482673
2025-05-20,202500,208000,201500,202000,2820546
2025-05-21,204500,205000,199900,200500,1721760
2025-05-22,199900,201500,196500,196900,1988587
2025-05-23,199900,201500,198700,200000,1538701
2025-05-26,200000,203500,196900,203000,1459997
2025-05-27,200500,203500,200000,202500,1424916
2025-05-28,206500,209500,206000,208000,3161188
2025-05-29,214500,214500,207500,212000,3827689
2025-05-30,210000,210000,203000,204500,4826628
2025-06-02,205000,208500,203000,207500,1775752
2025-06-04,218000,223000,216500,217500,5108674
2025-06-05,225500,230000,222000,224500,5768506
2025-06-09,233000,233500,228000,229000,3666084
2025-06-10,231000,232500,227500,230500,3718655
2025-06-11,236000,241000,235000,240000,4230421
2025-06-12,242500,246500,235000,235500,4994238
2025-06-13,240500,243000,233750,235500,4100610
2025-06-16,238000,248500,238000,248000,3760740
2025-06-17,253000,260000,248000,249000,5044669
2025-06-18,245500,252000,245000,246500,4081001
2025-06-19,247000,250000,242000,246000,2317796
2025-06-20,249000,257000,247500,257000,3597877
2025-06-23,252500,263000,248500,259500,3398736
2025-06-24,270000,283000,269500,278500,5436312
2025-06-25,289000,291500,284000,286000,5466598
2025-06-26,294500,298500,287000,293000,5894020
2025-06-27,288000,294500,281000,284000,5134863
2025-06-30,288500,294500,286000,292000,4375298
2025-07-01,291000,294500,285500,285500,3687981
2025-07-02,283500,283500,274500,279000,4702056
2025-07-03,281000,284000,277000,278500,3642140
2025-07-04,279500,281500,269000,270500,3654933
2025-07-07,266000,272000,264500,271000,2523564
2025-07-08,271000,285000,268500,282000,3119395
2025-07-09,282500,284000,277500,281000,2626484
2025-07-10,284000,297000,283500,297000,4556065
2025-07-11,299500,306500,292000,294500,3732533
2025-07-14,292500,302500,292500,300000,2936976
2025-07-15,296000,298500,290000,298500,4196196
2025-07-16,298500,299500,292500,296000,3123297
2025-07-17,283500,289500,268000,269500,9328322
2025-07-18,270000,275000,267000,269000,5359504
2025-07-21,267500,274500,266500,272500,2424891
2025-07-22,273000,273500,267000,268500,3139858
2025-07-23,267500,271000,264500,269000,3116279
2025-07-24,277000,279000,269000,269500,3667144
2025-07-25,273000,275000,265500,266000,2171063
2025-07-28,261000,265500,258500,262000,2877357
2025-07-29,254500,265000,254500,262500,2944177
2025-07-30,263000,266000,260500,263500,2482807
2025-07-31,271000,274000,265500,273500,3472644
2025-08-01,266000,267000,257000,258000,3227394
2025-08-04,254500,260000,254000,258000,2281558
2025-08-05,264000,264500,260500,263500,2118171
2025-08-06,260500,260500,257500,258500,1374559
2025-08-07,258000,263000,250000,262000,2724438
2025-08-08,262000,266000,255500,256500,2676174
2025-08-11,260500,267500,260000,267000,2415473
2025-08-12,268000,276000,267500,269000,3008648
2025-08-13,278000,279000,274000,278000,3472694
2025-08-14,277500,277500,270500,276500,2101050
2025-08-18,272000,272000,267000,267500,1993220
2025-08-19,268500,270000,261500,263000,1709646
2025-08-20,254500,257000,251000,255500,3571545
2025-08-21,246500,251000,245000,245000,6301130
2025-08-22,245500,252500,245500,251000,3064062
2025-08-25,256000,261500,254000,259500,3183709
2025-08-26,259500,262500,257000,261500,2050625
2025-08-27,259000,261000,256000,260000,2801594
2025-08-28,254000,268500,253000,268500,3836024
2025-08-29,268000,270000,266000,269000,1892127
2025-09-01,259500,261000,255000,256000,1837054
2025-09-02,256000,261500,256000,260500,1584710
2025-09-03,259500,265500,257750,262500,2437896
2025-09-04,267000,271000,264500,265500,2189959
2025-09-05,273000,275000,272000,273500,3103427
2025-09-08,278500,279000,274000,277000,2018299
2025-09-09,278000,288500,277000,288000,4158342
2025-09-10,294500,305000,293000,304000,5265553
2025-09-11,310000,315000,305500,307000,5148088
2025-09-12,322000,329500,319000,328500,4242516
2025-09-15,339500,341500,325000,331000,4221256
2025-09-16,331500,354000,331500,348000,5841135
2025-09-17,341000,342500,333500,333500,4498866
2025-09-18,338500,357000,336500,353000,4526286
2025-09-19,351500,360000,348000,353000,4385543
2025-09-22,349000,359000,345250,351000,4377563
2025-09-23,355500,363000,353000,361000,3315336
2025-09-24,359000,364000,348500,357500,4165199
2025-09-25,352000,359000,349500,356500,2148215
2025-09-26,347500,349000,333000,336500,3685324
2025-09-29,339500,351000,339000,349000,2275986
2025-09-30,353000,356500,347500,347500,2238614
2025-10-01,351000,362000,351000,360000,2802437
2025-10-02,388500,404500,384000,395500,7430763
2025-10-10,426000,439250,416500,428000,6835852
2025-10-13,405500,415500,403000,415000,4356534
2025-10-14,425000,436500,406500,411500,4101275
2025-10-15,410500,424000,407000,422500,2688019
2025-10-16,421000,455000,420500,452500,4247934
2025-10-17,451500,475000,449500,465500,4541583
2025-10-20,477500,485500,465500,485500,3333903
2025-10-21,497000,502000,478000,479000,4126858
2025-10-22,475000,482000,469000,481500,3870276
2025-10-23,470000,488500,468000,478500,3583993
2025-10-24,493000,513000,491500,510000,4254202
2025-10-27,533000,537000,523000,535000,3381231
2025-10-28,521000,527000,509000,521000,5659008
2025-10-29,538000,559000,523000,558000,4803031
2025-10-30,558000,579000,552000,568000,4888461
2025-10-31,557000,566000,552000,559000,3351809
2025-11-03,557000,624000,555000,620000,5787058
2025-11-04,611000,614000,583000,586000,5969769
2025-11-05,563000,587000,532000,579000,8976222
2025-11-06,602000,607000,583000,593000,5321244
2025-11-07,577000,599000,565000,580000,4789397
2025-11-10,584000,615000,581000,606000,4893645
2025-11-11,622000,646000,604000,619000,5508697
2025-11-12,605000,620000,601000,617000,2831484
2025-11-13,607000,622000,607000,612000,3875541
2025-11-14,579000,585000,560000,560000,5778374
2025-11-17,588000,606000,584000,606000,4470947
2025-11-18,583000,591000,570000,570000,3544391
2025-11-19,563000,570000,546000,562000,4529736
2025-11-20,595000,597000,570000,571000,4670237
2025-11-21,518000,531000,514000,521000,6646712
2025-11-24,531000,542000,517000,520000,6399162
2025-11-25,546000,550000,518000,519000,3716730
2025-11-26,513000,528000,501000,524000,5127393
2025-11-27,535000,556000,533000,544000,3654092
2025-11-28,551000,552000,530000,530000,2680138
2025-12-01,542000,545000,525000,538000,3134704
2025-12-02,548000,559000,542000,558000,2686580
2025-12-03,550000,559000,544000,552000,2586619
2025-12-04,542000,543000,532000,542000,2858305
2025-12-05,530000,546000,527000,544000,3204933
2025-12-08,543000,580000,533000,577000,4288433
2025-12-09,569000,575000,564000,566000,2391174
2025-12-10,571000,593000,570000,587000,3986083
2025-12-11,583000,589000,565000,565000,4021907
2025-12-12,565000,579000,560000,571000,2646148
2025-12-15,535000,563500,535000,554000,2482125
2025-12-16,545000,551000,530000,530000,3287998
2025-12-17,530000,554000,525000,551000,2692626
2025-12-18,538000,563000,537000,552000,2959059
2025-12-19,569000,570000,547000,547000,3440005
2025-12-22,574000,580000,567000,580000,2878464
2025-12-23,585000,593000,581000,584000,2011188
2025-12-24,587000,591000,584000,588000,2160697
2025-12-26,594000,605000,590000,599000,4243548
2025-12-29,630000,640000,625000,640000,4176151
2025-12-30,639000,659000,634000,651000,4094603
2026-01-02,651000,679000,647000,677000,4181895
2026-01-05,698000,700000,684000,696000,4337511
2026-01-06,690000,727000,671000,726000,4830275
2026-01-07,760000,762000,728000,742000,5693115
2026-01-08,731000,788000,731000,756000,6496379
2026-01-09,744000,756000,727000,744000,4343703
2026-01-12,755000,762000,735000,749000,3329793
2026-01-13,753000,754000,724000,738000,3771944
2026-01-14,733000,750000,728000,742000,4885051
2026-01-15,732000,750000,727000,749000,3003414
2026-01-16,751000,763000,747000,756000,3712326
2026-01-19,755000,774000,750000,764000,3392008
2026-01-20,764000,764000,737000,743000,2762369
2026-01-21,729000,756000,728000,740000,5108442
2026-01-22,766000,773000,751000,755000,3545309
2026-01-23,754000,776000,744000,767000,3508272
2026-01-26,753000,754000,736000,736000,3133330
2026-01-27,738000,800000,733000,800000,5660198
2026-01-28,810000,854000,803000,841000,6708497
2026-01-29,879000,884000,819000,861000,6837983
2026-01-30,854000,931000,853000,909000,7875195
2026-02-02,870000,888000,830000,830000,7634191
2026-02-03,874000,907000,871000,907000,5272538
2026-02-04,884000,906000,883000,900000,3800763
2026-02-05,851000,877000,838000,842000,5473720
2026-02-06,805000,850000,791000,839000,5581574
2026-02-09,898000,899000,873000,887000,4228584
2026-02-10,894000,905000,876000,876000,3441377
2026-02-11,860000,874000,848000,860000,3125590
2026-02-12,882000,894000,878000,888000,4619344
2026-02-13,889000,903000,878000,880000,3534047
2026-02-19,905000,913000,888000,894000,3285109
2026-02-20,892000,955000,881000,949000,5054333
2026-02-23,980000,980000,941000,951000,3523887
2026-02-24,952000,1005000,946000,1005000,4102382
2026-02-25,1012000,1038000,1004000,1018000,3462525
2026-02-26,1024000,1099000,1023000,1099000,4461976
2026-02-27,1050000,1096000,1048000,1061000,6453062
2026-03-03,1022000,1040000,939000,939000,6818327
2026-03-04,894000,954000,846000,849000,9253420
2026-03-05,976000,992000,927000,941000,6442459
2026-03-06,912000,938000,885000,924000,3744322
2026-03-09,851000,864000,808000,836000,7253621
2026-03-10,915000,950000,899000,938000,5304897
2026-03-11,954000,985000,941000,955000,3916098
2026-03-12,938000,963000,928000,930000,3711742
2026-03-13,891000,929000,884000,910000,3645102
2026-03-16,925000,975000,924000,974000,3829496
2026-03-17,1009000,1010000,969000,970000,3326240
2026-03-18,1000000,1060000,999000,1056000,4347884
2026-03-19,1008000,1043000,1003000,1013000,3347483
2026-03-20,1023000,1026000,1002000,1007000,3426646
2026-03-23,952000,963000,927000,933000,3911813
2026-03-24,993000,994000,938000,986000,4352152
2026-03-25,1016000,1042000,988000,995000,4463869
2026-03-26,965000,973000,931000,933000,4660620
2026-03-27,890000,934000,880000,922000,4520942
2026-03-30,867000,884000,862000,873000,4498502
2026-03-31,817000,852000,806000,807000,7194351
2026-04-01,884000,905000,858000,893000,6255058
2026-04-02,912000,914000,818000,830000,6127534
2026-04-03,867000,886000,860000,876000,2927164
2026-04-06,877000,901500,869000,886000,3100989
2026-04-07,917000,933000,888000,916000,3619929
2026-04-08,1007000,1056000,992000,1033000,6709356
2026-04-09,1015000,1025000,990000,998000,5026817
2026-04-10,1030000,1042000,1024000,1027000,3134921
2026-04-13,999000,1043000,996000,1040000,2769753
2026-04-14,1092000,1128000,1078000,1103000,4754545
2026-04-15,1165000,1173000,1130000,1136000,4093703
2026-04-16,1141000,1161000,1130000,1155000,2901319
2026-04-17,1149000,1155000,1121000,1128000,3578235
2026-04-20,1148000,1175000,1141000,1166000,3748014
2026-04-21,1196000,1228000,1193000,1224000,3516960
2026-04-22,1227000,1233000,1195000,1223000,2894919
2026-04-23,1220000,1267000,1183000,1225000,5343871
2026-04-24,1237000,1242000,1193000,1222000,3127857
2026-04-27,1253000,1317000,1249000,1292000,4563073
2026-04-28,1313000,1328000,1296000,1300000,3002713
2026-04-29,1284000,1317000,1281000,1293000,3001208
2026-04-30,1312000,1325000,1286000,1286000,3342342
2026-05-04,1339000,1450000,1333000,1447000,5776641
2026-05-06,1590000,1614000,1557000,1601000,6631934
2026-05-07,1622000,1665000,1567000,1654000,5860618
2026-05-08,1591000,1689000,1591000,1686000,4278087
2026-05-11,1833000,1949000,1826000,1880000,7433039
2026-05-12,1944000,1967000,1804000,1835000,9160593
2026-05-13,1781000,1990000,1781000,1976000,7126921
2026-05-14,1976000,1994000,1937000,1970000,6040068
2026-05-15,1950000,1995000,1789000,1819000,7485233
2026-05-18,1780000,1897000,1731000,1840000,6481608
2026-05-19,1791000,1823000,1740000,1745000,4575855
2026-05-20,1743000,1778000,1690000,1745000,5535123
2026-05-21,1801000,1954000,1796000,1940000,5096690
2026-05-22,1942000,1952000,1912000,1941000,3135190
2026-05-26,2008000,2087000,2006000,2052000,4903591
2026-05-27,2279000,2358000,2200000,2243000,7545783
2026-05-28,2189000,2305000,2151000,2289000,6229499
2026-05-29,2352000,2379000,2290500,2333000,8518013
2026-06-01,2299000,2398000,2296000,2363000,5602897
2026-06-02,2376000,2407000,2259000,2360000,5837216
2026-06-04,2284000,2327000,2262000,2298000,3941067
2026-06-05,2142000,2188000,2070000,2070000,5778751
2026-06-08,1856000,2072000,1855000,1911000,6610833
2026-06-09,2050000,2226000,1998000,2215000,5878039
2026-06-10,2137000,2180000,1992000,2048000,4928269
2026-06-11,1975000,2163000,1960000,2101000,6625775
2026-06-12,2281000,2304000,2150000,2150000,5286416
2026-06-15,2283000,2322000,2265000,2288000,3872910
2026-06-16,2381000,2400000,2286000,2382000,3644469
2026-06-17,2335000,2523000,2334000,2521000,3980010
2026-06-18,2556000,2738000,2556000,2685000,5808765
2026-06-19,2824000,2891000,2688000,2764000,7478195
2026-06-22,2728000,2945000,2728000,2919000,5179795
2026-06-23,2898000,2943000,2536000,2555000,8050335
2026-06-24,2598000,2703000,2453000,2580000,7487916
2026-06-25,2865000,2987000,2749000,2917000,6790853
2026-06-26,2850000,2880000,2600000,2673000,7467492
2026-06-29,2636000,2688000,2517000,2628000,5217788
2026-06-30,2608000,2742000,2541000,2650000,5109213
2026-07-01,2665000,2723000,2502000,2560000,4277276
2026-07-02,2351000,2448000,2187000,2187000,7685914
2026-07-03,2197000,2454000,2045000,2425000,7984914
2026-07-06,2450000,2497000,2292000,2343000,4235360
2026-07-07,2289000,2343000,2080000,2201000,6351195
2026-07-08,2118000,2329000,2076000,2076000,6975631
2026-07-09,2228000,2270000,2091000,2186000,6261504
2026-07-10,2296000,2305000,2166000,2180000,4827239
2026-07-13,2113000,2142000,1839000,1845000,8040043
2026-07-14,1825000,1936000,1678000,1913000,10447011
2026-07-15,2120000,2171000,2070000,2082000,6046951
2026-07-16,1902000,1919000,1821000,1842000,5608812
2026-07-20,1745000,1892000,1735000,1764000,5876444
2026-07-21,1775000,1889000,1732000,1836000,4639208
2026-07-22,1977000,2006000,1830000,1830000,4802637
2026-07-23,1910000,1948000,1845000,1919000,4119477
2026-07-24,1894000,1894000,1752000,1759000,4935624
2026-07-27,1814000,1821000,1707000,1816000,4030933
2026-07-28,1662000,1674000,1550000,1550000,8120587
2026-07-29,1567000,1619000,1246000,1401000,12428883
2026-07-30,1361000,1459000,1287000,1322000,9543189
2026-07-31,1697000,1718000,1586000,1718000,10499619
2026-08-03,1642000,1645000,1562000,1567000,5432833
2026-08-04,1620000,1630000,1483000,1577000,5391210
2026-08-05,1693000,1701000,1647000,1668000,3945674
2026-08-06,1600000,1606000,1481000,1495000,5498295
2026-08-07,1521000,1542000,1409000,1422000,5002539
2026-08-10,1443000,1487000,1397000,1420000,3295283
2026-08-11,1405000,1455000,1373000,1425000,3817655
2026-08-12,1456000,1549000,1440000,1504000,4566672
2026-08-13,1582000,1634000,1567000,1593000,4680347
2026-08-14,1695000,1697000,1626000,1645000,4520990
2026-08-18,1736000,1792000,1640000,1662000,5139000
2026-08-19,1545000,1559000,1486000,1500000,4223067
2026-08-20,1613000,1720000,1576000,1691000,5452970
2026-08-21,1675000,1773000,1669000,1730000,4274294
2026-08-24,1775000,1792000,1670000,1671000,3994599
2026-08-25,1598000,1687000,1557000,1678000,4029660
2026-08-26,1668000,1735000,1662000,1688000,2923810
2026-08-27,1776000,1788000,1708000,1730000,3264042
2026-08-28,1704000,1725000,1653000,1653000,3531892
2026-08-31,1596000,1674000,1577000,1674000,3980661
2026-09-01,1666000,1713000,1652000,1693000,2727724
2026-09-02,1630000,1661000,1612000,1613000,2568478
2026-09-03,1643000,1649000,1558000,1596000,2632758
2026-09-04,1620000,1683000,1620000,1647000,2827892
2026-09-07,1737000,1783000,1733000,1783000,3480094
2026-09-08,1799000,1889000,1777000,1793000,4164618
2026-09-09,1795000,1883000,1795000,1863000,1991299
